x,y,SR_demand,exits,injured
0.20372813505653986,0.7271398425366713,99,0,1
0.7674007988558492,0.1332189383179342,117,0,1
0.7496885415436403,0.4429552071707775,109,0,1
0.40828086409437814,0.1785782565284315,100,0,1
0.10201467957938692,0.3128519744505017,105,0,1
0.3434178198052993,0.6816750441955302,87,0,1
0.9543160367017101,0.3691492193830501,101,0,1
0.9731362507775602,0.65432304258522,91,0,1
0.47271805117093535,0.6299512040042017,126,0,1
0.0,0.0,0,1,0
0.0,1.0,0,1,0
