x,y,SR_demand,exits,injured
0.965600787182758,0.3321987567302386,89,0,1
0.7791831058903625,0.931263761862904,99,0,1
0.3921448345689258,0.03520582800873606,101,0,1
0.5192194610336092,0.9156207928086427,111,0,1
0.7957293663972899,0.2627649940725597,101,0,1
0.5312975580291175,0.4971560082369296,100,0,1
0.27540710707194216,0.7075178462700601,102,0,1
0.6717963590333004,0.4479876627096999,104,0,1
0.039887684268553714,0.29861713510800625,94,0,1
0.0,0.0,0,1,0
0.0,1.0,0,1,0
