x,y,SR_demand,exits,injured
0.6994095490846008,0.9819165623844838,102,0,1
0.9664177773846095,0.0863455683062263,87,0,1
0.7999491842189048,0.5701112986097544,93,0,1
0.8525399940120117,0.03325092208154834,88,0,1
0.1145870553253503,0.3525673864084121,81,0,1
0.17267492423088682,0.4084858083035501,79,0,1
0.41477914867628396,0.8213234999851099,116,0,1
0.40814036864054115,0.8695975382399378,86,0,1
0.5307321061556264,0.26222004305396807,110,0,1
0.0,0.0,0,1,0
0.0,1.0,0,1,0
