x,y,SR_demand,exits,injured
0.4944972296534861,0.9692147034076595,95,0,1
0.4634045284442293,0.1257343320968486,115,0,1
0.3860720212744462,0.5339046229065949,104,0,1
0.8468969176527853,0.15531808169178518,90,0,1
0.07867642723508084,0.8530747419125734,94,0,1
0.6198499390968985,0.45548181328124315,99,0,1
0.21304141899974927,0.6058435693839023,98,0,1
0.10359758992662615,0.6836055713442724,107,0,1
0.7466540322769395,0.6148035812970933,88,0,1
0.0,0.0,0,1,0
0.0,1.0,0,1,0
