x,y,SR_demand,exits,injured
0.32442169470135696,0.6249566020808157,114,0,1
0.21232175904008976,0.7484698120386587,94,0,1
0.6778217770787283,0.5070572392186845,111,0,1
0.6828335242371623,0.6426545289841514,107,0,1
0.08212408939291671,0.4796735914714829,90,0,1
0.5702057355991702,0.9713278919178508,100,0,1
0.6851854896381279,0.45735599736736765,94,0,1
0.13856530437333203,0.11364073498518612,111,0,1
0.6301668820956479,0.7368871263537443,90,0,1
0.0,0.0,0,1,0
0.0,1.0,0,1,0
