x,y,SR_demand,exits,injured
0.17322116473316385,0.4614171441143947,102,0,1
0.6462093307271299,0.47575023042272113,95,0,1
0.7978642293217051,0.42118507394002147,97,0,1
0.3524988659586382,0.3045974627910709,96,0,1
0.6888368809110536,0.5565037523154435,96,0,1
0.27054719542041417,0.9904576670621499,110,0,1
0.7988628451882138,0.7777579560109573,100,0,1
0.11352914487490928,0.8122032146564966,100,0,1
0.4509114608101641,0.23480651052969748,96,0,1
0.0,0.0,0,1,0
0.0,1.0,0,1,0
