x,y,SR_demand,exits,injured
0.6207424380170722,0.35562451189580047,102,0,1
0.849655325296134,0.1605290899036811,104,0,1
0.24449805856911888,0.6426963994290673,91,0,1
0.4853672464621672,0.0005858610432584177,99,0,1
0.9231725734378083,0.38659361826275984,107,0,1
0.08897688267476256,0.947629418407926,99,0,1
0.7534370644268593,0.4637542117753495,97,0,1
0.1482652149644751,0.4899167402233545,103,0,1
0.20381672401564066,0.7496757370023303,101,0,1
0.0,0.0,0,1,0
0.0,1.0,0,1,0
