x,y,SR_demand,exits,injured
0.9293358185176679,0.4494784615901315,97,0,1
0.2771235379388127,0.26680071215307677,103,0,1
0.08791212877710497,0.7857371904738245,100,0,1
0.5259011464885177,0.4035889028260806,112,0,1
0.9571643703853466,0.7971046426165533,106,0,1
0.7483459098070007,0.19157102407957727,98,0,1
0.900739894037655,0.8180824260951051,99,0,1
0.010760260790484755,0.8553624355331834,94,0,1
0.5655995342371306,0.5548158556208707,103,0,1
0.0,0.0,0,1,0
0.0,1.0,0,1,0
