x,y,SR_demand,exits,injured
0.34302456363215306,0.6122568317605926,118,0,1
0.02860049106520257,0.08380368296291574,105,0,1
0.08702781303933171,0.04516779169923224,91,0,1
0.7071149666168074,0.48994392371209694,91,0,1
0.9015934227447648,0.5365142502296248,105,0,1
0.7340429816400077,0.9591737541169796,93,0,1
0.9702533931602785,0.8179081533524551,114,0,1
0.4105157437197009,0.5921461525530838,89,0,1
0.8130719859335754,0.054177448127723626,104,0,1
0.0,0.0,0,1,0
0.0,1.0,0,1,0
