x,y,SR_demand,exits,injured
0.026157855988414913,0.5308898460499686,97,0,1
0.9123260334826311,0.938471640930746,106,0,1
0.3393452933594511,0.299889236481963,114,0,1
0.5665073300012061,0.5688201815013443,84,0,1
0.04623241230932862,0.7020190772758264,89,0,1
0.04993219180831765,0.2703614164667886,79,0,1
0.7802681256870099,0.26649799067013036,110,0,1
0.8998445901495646,0.6180071825093902,87,0,1
0.8284658996837264,0.2774642032829904,97,0,1
0.0,0.0,0,1,0
0.0,1.0,0,1,0
