x,y,SR_demand,exits,injured
0.45466970325392064,0.07166037397201108,92,0,1
0.40877160937651935,0.5595042070195506,99,0,1
0.382988451573658,0.6545855545615658,108,0,1
0.8058361475331385,0.9981624309757622,99,0,1
0.6411759139313572,0.016051052820927336,97,0,1
0.7137686483387538,0.19447673862967407,99,0,1
0.5245123974836224,0.10740683565516695,106,0,1
0.41615175380386515,0.4140344165090448,75,0,1
0.44156635122388554,0.6870645974296885,112,0,1
0.0,0.0,0,1,0
0.0,1.0,0,1,0
