x,y,SR_demand,exits,injured
0.882579363476626,0.579303629261074,79,0,1
0.08347369506009439,0.27578229437056956,91,0,1
0.3813241934376014,0.4354166495385071,102,0,1
0.7074629176972717,0.9543687715111501,87,0,1
0.815456844444634,0.5213922004872175,92,0,1
0.9711680241259865,0.6133002823253656,109,0,1
0.6437685622133844,0.8238287862141641,104,0,1
0.37593195257798373,0.8031070335267626,101,0,1
0.5600984886607079,0.9731304079514659,99,0,1
0.0,0.0,0,1,0
0.0,1.0,0,1,0
