x,y,SR_demand,exits,injured
0.9473139408910404,0.9734875925231301,111,0,1
0.37501307619570634,0.9307413965180499,94,0,1
0.19591167748360538,0.11892515998157649,113,0,1
0.7902814614347133,0.32331752615385334,96,0,1
0.43274158514966854,0.4919541805026286,105,0,1
0.18571691033588245,0.07673432489147991,108,0,1
0.6516876768880137,0.09688593312562621,95,0,1
0.28351899570021544,0.4618865661944649,120,0,1
0.20236316710293156,0.35729961980412184,119,0,1
0.0,0.0,0,1,0
0.0,1.0,0,1,0
