x,y,SR_demand,exits,injured
0.6496856092023433,0.08496095944319781,101,0,1
0.9118125369992647,0.8755780606660766,129,0,1
0.5350649302531766,0.7266152849230745,91,0,1
0.18416795727994173,0.7492646469504818,105,0,1
0.19037014845406153,0.2793183653309991,80,0,1
0.05647258175934333,0.5240904358979782,104,0,1
0.0960709688912309,0.8596085954709285,94,0,1
0.7413317798270797,0.5287511519177096,97,0,1
0.594631001518493,0.36969578342597686,100,0,1
0.0,0.0,0,1,0
0.0,1.0,0,1,0
