x,y,SR_demand,exits,injured
0.7830020425460148,0.5027262515063289,111,0,1
0.43587442713511704,0.5329525130633108,91,0,1
0.7581912480747935,0.6914571441055983,89,0,1
0.3208532154718856,0.20823570837811323,115,0,1
0.39010383970812323,0.7856483231559083,111,0,1
0.8329218084113704,0.8114966571750899,109,0,1
0.45864535167013554,0.1770628554350192,84,0,1
0.8329051387963662,0.37398034224139787,106,0,1
0.47078499184703126,0.19656493739427516,113,0,1
0.0,0.0,0,1,0
0.0,1.0,0,1,0
