x,y,SR_demand,exits,injured
0.17903801746827586,0.8614948107154113,94,0,1
0.12207722834912549,0.24114559481407094,109,0,1
0.04149558594441738,0.12455228347806402,88,0,1
0.8347604905613535,0.3992239025017248,94,0,1
0.030554476690051846,0.4029968709713734,88,0,1
0.580152954775531,0.5558248557394121,94,0,1
0.046589567950865995,0.06052325932389113,94,0,1
0.3694630260836015,0.6843632972613932,102,0,1
0.4139414583198129,0.5882410454080073,107,0,1
0.0,0.0,0,1,0
0.0,1.0,0,1,0
