x,y,SR_demand,exits,injured
0.5301991070887327,0.5468506236788296,84,0,1
0.5794281521752322,0.17976167153582856,84,0,1
0.9978154318790455,0.6944009423244007,114,0,1
0.9485609044371951,0.9564373548978329,113,0,1
0.7593956471098363,0.5360770867582909,98,0,1
0.2458683827200855,0.4031360762833077,92,0,1
0.7756794685745589,0.1639466418165929,92,0,1
0.9037828856940215,0.8782583695297079,109,0,1
0.4470403062890572,0.31499681824272874,87,0,1
0.0,0.0,0,1,0
0.0,1.0,0,1,0
