x,y,SR_demand,exits,injured
0.6631574657243436,0.8846334023968342,107,0,1
0.4515362036451258,0.3103376347922884,97,0,1
0.48524459653562124,0.037642588589395176,95,0,1
0.6015238123633669,0.6074930021175704,107,0,1
0.13770420532281424,0.41715531283664065,103,0,1
0.17448793444764565,0.30615708532055397,95,0,1
0.7029149765266036,0.7811746400859925,101,0,1
0.8575923683003679,0.8806258651889748,99,0,1
0.8402341371686594,0.010807849000181613,103,0,1
0.0,0.0,0,1,0
0.0,1.0,0,1,0
