x,y,SR_demand,exits,injured
0.42470415519126437,0.454067878293812,94,0,1
0.4487804418226138,0.7068704216006458,100,0,1
0.4324478974972116,0.7184623955751207,107,0,1
0.011334905648044402,0.6263413336667651,98,0,1
0.05357277832143337,0.5704523168940462,112,0,1
0.10007905716731913,0.8055999385867519,104,0,1
0.10485575993821405,0.9118604822154023,112,0,1
0.9681099195512965,0.3567057612428528,102,0,1
0.23711061921916943,0.2944249630114111,91,0,1
0.0,0.0,0,1,0
0.0,1.0,0,1,0
