x,y,SR_demand,exits,injured
0.5560590228907039,0.743295008775202,95,0,1
0.6983543595193966,0.04610920565950727,100,0,1
0.19050477071448169,0.7282404874260363,101,0,1
0.9900669948906176,0.5800000412161549,102,0,1
0.3981041001943524,0.5586117687997747,98,0,1
0.49649959093009577,0.3117971975876771,102,0,1
0.8574019898503874,0.20771766236055245,110,0,1
0.5157349080251039,0.6934432677607559,129,0,1
0.2964824162692764,0.8077104099032238,113,0,1
0.0,0.0,0,1,0
0.0,1.0,0,1,0
