x,y,SR_demand,exits,injured
0.20326065411671335,0.20995702632612523,94,0,1
0.46373056035813853,0.35191253474137574,97,0,1
0.0366352807713316,0.15538377648846102,96,0,1
0.15799856883735697,0.8036625956887087,105,0,1
0.5813201081285234,0.9500883949512441,84,0,1
0.060706332938233576,0.2956210461882547,113,0,1
0.8362719448213357,0.12105436375039291,92,0,1
0.19794461086740067,0.8658177113208084,104,0,1
0.2552974591630216,0.7920728499271054,123,0,1
0.0,0.0,0,1,0
0.0,1.0,0,1,0
