x,y,SR_demand,exits,injured
0.11623583368062285,0.6803071738848,105,0,1
0.553663447298302,0.16515952382812404,111,0,1
0.12211381744175731,0.3589097549390863,82,0,1
0.5097356927541795,0.1669847352723034,97,0,1
0.3212483279541146,0.6858911425148888,94,0,1
0.33758644777898883,0.34016264502586724,103,0,1
0.5972092393878848,0.5640865730454278,111,0,1
0.22981445185707272,0.29738708187918184,81,0,1
0.34043816240668734,0.729946665381728,106,0,1
0.0,0.0,0,1,0
0.0,1.0,0,1,0
