x,y,SR_demand,exits,injured
0.5549225468812553,0.1122896140382661,119,0,1
0.807885923338046,0.14053616843436567,84,0,1
0.8846465332603386,0.14955254875499913,96,0,1
0.16360958200434328,0.8407851962587344,85,0,1
0.6407715728886001,0.13471402162721757,102,0,1
0.2936353702309157,0.6822036458961463,99,0,1
0.4569981701928265,0.9454360153333451,86,0,1
0.3769949082060049,0.8699734274542695,87,0,1
0.9881294373482816,0.8491991324440991,101,0,1
0.0,0.0,0,1,0
0.0,1.0,0,1,0
