x,y,SR_demand,exits,injured
0.2269473584887548,0.8074442425817294,105,0,1
0.3877628971547512,0.9174974415527952,113,0,1
0.15668433776229929,0.0806548779508004,112,0,1
0.1383753547080605,0.47102527294381324,99,0,1
0.7600528722497327,0.03476613875502643,95,0,1
0.22802545660935025,0.4564460643332233,106,0,1
0.5379334268283256,0.353327080250207,103,0,1
0.9987572697073704,0.17249767178651065,110,0,1
0.7523435058006758,0.30529860908564443,79,0,1
0.0,0.0,0,1,0
0.0,1.0,0,1,0
