x,y,SR_demand,exits,injured
0.017021007290641155,0.5233512515686531,112,0,1
0.4026861294830415,0.5904194570187372,81,0,1
0.1481096364168758,0.4533778937134929,89,0,1
0.28555386385939086,0.3606834003772259,104,0,1
0.5841418438073788,0.32777671074113335,95,0,1
0.37463530952532254,0.8736817599158314,108,0,1
0.13899223311272035,0.6708321620594824,117,0,1
0.08372590319637441,0.22113394083770044,107,0,1
0.38991301868565964,0.6956379600058394,107,0,1
0.0,0.0,0,1,0
0.0,1.0,0,1,0
