x,y,SR_demand,exits,injured
0.16702416055589242,0.8967670612690238,112,0,1
0.3760788880730682,0.8291960255711092,80,0,1
0.8871260248669605,0.7931096160261129,110,0,1
0.3907900190063819,0.14337043630819135,97,0,1
0.3309650996298731,0.3826282597147217,92,0,1
0.6721146500801671,0.9858381713001505,103,0,1
0.17213219925308476,0.8135154428964779,110,0,1
0.9465316641828959,0.22623636694961136,84,0,1
0.2202264845636811,0.6861686691070016,115,0,1
0.0,0.0,0,1,0
0.0,1.0,0,1,0
