x,y,SR_demand,exits,injured
0.8088600989225615,0.43313144404415194,104,0,1
0.8417314975934992,0.022970455210255314,119,0,1
0.8673805979828538,0.07846831644628582,89,0,1
0.853540368184307,0.2764889412713293,107,0,1
0.25681968910222297,0.11539549645453895,107,0,1
0.9011550820907592,0.7199672137930333,90,0,1
0.030967011538857614,0.014351751939068902,108,0,1
0.04399407653372678,0.3521036554167589,94,0,1
0.5958188708711596,0.41373287598789554,111,0,1
0.0,0.0,0,1,0
0.0,1.0,0,1,0
