x,y,SR_demand,exits,injured
0.15016569239065503,0.27531146675177876,94,0,1
0.6241477650735193,0.04809526088846616,105,0,1
0.5207501035979788,0.9027622868895264,90,0,1
0.6468374604021272,0.6283843192660448,76,0,1
0.6954822248554975,0.30774570211872376,97,0,1
0.20512801250486978,0.510978582102562,94,0,1
0.5334787104390373,0.30779345894936383,104,0,1
0.7304328275807396,0.5632236824769592,101,0,1
0.4628195493460219,0.7318605372767878,112,0,1
0.0,0.0,0,1,0
0.0,1.0,0,1,0
