x,y,SR_demand,exits,injured
0.7123395832319023,0.437609265896968,104,0,1
0.2602741808101825,0.03640875478593142,94,0,1
0.06450388010889152,0.23340058809933817,90,0,1
0.12696300787536963,0.462455536112078,89,0,1
0.863854290985372,0.8259620194594063,98,0,1
0.10167125333148064,0.8527839030953241,93,0,1
0.21668184388407385,0.7888470324176521,92,0,1
0.09161625876205615,0.014288038884982868,109,0,1
0.7110734459633715,0.2665062996213584,90,0,1
0.0,0.0,0,1,0
0.0,1.0,0,1,0
