x,y,SR_demand,exits,injured
0.2051805561373219,0.05115878690175579,98,0,1
0.8571601194290916,0.35535322424622595,109,0,1
0.44868553157536895,0.027898741263004512,94,0,1
0.4386280682993785,0.027486578998691225,89,0,1
0.1214058809507178,0.870937479604591,115,0,1
0.8816371893651758,0.04114506254989858,101,0,1
0.5195157597931163,0.014795046451573701,86,0,1
0.4029510224887769,0.9256634715468767,102,0,1
0.4283908088058235,0.5609066099053642,91,0,1
0.0,0.0,0,1,0
0.0,1.0,0,1,0
