x,y,SR_demand,exits,injured
0.3371537055199555,0.7434169330421311,116,0,1
0.4338563725341359,0.13718006620018275,104,0,1
0.21203596105108358,0.9650629608028312,85,0,1
0.6832322339177032,0.9128077992305221,106,0,1
0.6248233921953324,0.46219880600856567,118,0,1
0.2849437813280873,0.5668582373174822,92,0,1
0.07335593535187046,0.17908104998849683,124,0,1
0.918032684590426,0.9703208478398997,108,0,1
0.28939597115564064,0.6806915267998465,88,0,1
0.0,0.0,0,1,0
0.0,1.0,0,1,0
