x,y,SR_demand,exits,injured
0.9956102226630693,0.5159746167458882,105,0,1
0.37430048843873165,0.38092635481649306,81,0,1
0.37234199391642175,0.0026006860393089637,94,0,1
0.19266017287930903,0.3059554959303764,96,0,1
0.1939239231848412,0.8352216265958712,105,0,1
0.982967523529511,0.8350146020703003,118,0,1
0.8933983045776982,0.7642412148277985,88,0,1
0.5283653775311559,0.03623239966229852,101,0,1
0.8081174599019243,0.9027716805004282,116,0,1
0.0,0.0,0,1,0
0.0,1.0,0,1,0
