x,y,SR_demand,exits,injured
0.11084619145376207,0.1148479109648809,92,0,1
0.4528140808180853,0.4324075863540402,83,0,1
0.1157920856270378,0.891809797529647,90,0,1
0.8289528913052321,0.5304668775007643,95,0,1
0.2995287245268413,0.9599702108620212,92,0,1
0.024227240914722614,0.42835142872220033,101,0,1
0.16628366031193886,0.8668076697325992,106,0,1
0.6856745479163382,0.2220922952569886,108,0,1
0.1940814650537107,0.04380365896308014,101,0,1
0.0,0.0,0,1,0
0.0,1.0,0,1,0
