x,y,SR_demand,exits,injured
0.5661303189415038,0.7776073159967688,104,0,1
0.06451172466553079,0.38041546372177404,92,0,1
0.22042285243848414,0.9033399121877745,94,0,1
0.38170957077016476,0.3808142761445953,85,0,1
0.9841800009667145,0.58710631669641,101,0,1
0.14455937043287537,0.20671803194807958,104,0,1
0.3433990947079717,0.29381426869051186,103,0,1
0.9509772112791105,0.1244271032707438,98,0,1
0.02322832768088945,0.11914138938222729,102,0,1
0.0,0.0,0,1,0
0.0,1.0,0,1,0
