x,y,SR_demand,exits,injured
0.9851894001330721,0.9667911202476585,70,0,1
0.2052113790021708,0.5945472842218258,100,0,1
0.20979054908976302,0.2718907718457667,119,0,1
0.922279127013113,0.9940559993460397,93,0,1
0.8490509723816244,0.10466632445598978,94,0,1
0.9670944766006657,0.8610184857132879,104,0,1
0.8460730772520851,0.9011514549174247,91,0,1
0.8686095710110637,0.16669901419828415,108,0,1
0.6668337292630234,0.022327950594602353,83,0,1
0.0,0.0,0,1,0
0.0,1.0,0,1,0
