x,y,SR_demand,exits,injured
0.7235251344903701,0.1515224501880701,99,0,1
0.3233969481975999,0.46506122324780597,72,0,1
0.02565706945160151,0.8177786052717302,104,0,1
0.38283261999401896,0.4272459778645288,100,0,1
0.34260459155217815,0.06905572935767901,98,0,1
0.2436823340295141,0.7134082208326517,89,0,1
0.2097880283122857,0.744567792032346,101,0,1
0.7392303819456411,0.4376431114887138,76,0,1
0.7228805833724051,0.814857028411794,89,0,1
0.0,0.0,0,1,0
0.0,1.0,0,1,0
