x,y,SR_demand,exits,injured
0.1680888904235891,0.34178428366736646,115,0,1
0.33045577951545946,0.7928116401910446,83,0,1
0.538468620714211,0.5590272823733168,85,0,1
0.6121435698506698,0.6072899316213918,97,0,1
0.9970388547679153,0.018357970332614104,108,0,1
0.7041245413739392,0.6593683656261725,91,0,1
0.4501761161539525,0.7258506842222315,101,0,1
0.771354835441218,0.39750615836506764,95,0,1
0.6870874972090668,0.2838195781774774,102,0,1
0.0,0.0,0,1,0
0.0,1.0,0,1,0
