x,y,SR_demand,exits,injured
0.23782925115360143,0.9784562545850871,114,0,1
0.28931037702212814,0.12797006960733304,98,0,1
0.9147335999786792,0.1670029651873356,94,0,1
0.4984776591388511,0.54835873459717,127,0,1
0.33939682950056327,0.5104527024198192,97,0,1
0.6592252876599424,0.27779543755434866,89,0,1
0.4851590979080923,0.34944688575202454,96,0,1
0.7210427666059328,0.12179401113893418,122,0,1
0.6929647061776492,0.9020500234555606,92,0,1
0.0,0.0,0,1,0
0.0,1.0,0,1,0
