x,y,SR_demand,exits,injured
0.8878495694524864,0.21325171362202744,100,0,1
0.1769555043362987,0.9445602362976215,98,0,1
0.21196874386608422,0.2326489430936609,113,0,1
0.17896379304595267,0.3294113803869424,116,0,1
0.5079992057618312,0.7816205454124574,76,0,1
0.18887597068329487,0.43485450520551905,102,0,1
0.6605320907913665,0.6817954359396463,79,0,1
0.8042738733707979,0.9242835220291942,99,0,1
0.8454152044735964,0.7580371457990893,105,0,1
0.0,0.0,0,1,0
0.0,1.0,0,1,0
