x,y,SR_demand,exits,injured
0.2347920114480352,0.5359471184787153,102,0,1
0.6531866104592206,0.9743538341091056,97,0,1
0.9054606399841965,0.42124518318897064,103,0,1
0.34825460755877957,0.38574130237435245,102,0,1
0.8903466615070887,0.35472299183307965,97,0,1
0.126380958743755,0.8774684101294529,101,0,1
0.8549720831448113,0.22268834770558754,93,0,1
0.7235788605869043,0.7646450898816748,106,0,1
0.36154938968329764,0.10555181795477986,97,0,1
0.0,0.0,0,1,0
0.0,1.0,0,1,0
