x,y,SR_demand,exits,injured
0.7574901157290405,0.6789520999890087,108,0,1
0.37156237118429347,0.89809929073258,106,0,1
0.999853313693715,0.36997929002832,105,0,1
0.4905833256296914,0.28815105342831737,95,0,1
0.8905947070649259,0.010768346259491635,95,0,1
0.6079037863788876,0.22002971445422526,87,0,1
0.5565640466966264,0.17670939444018596,95,0,1
0.3108339747376273,0.4801827579335196,111,0,1
0.3562541016356138,0.964742602344269,114,0,1
0.0,0.0,0,1,0
0.0,1.0,0,1,0
