x,y,SR_demand,exits,injured
0.15765923780410118,0.26380180420917443,98,0,1
0.655487389594676,0.11139149962366679,112,0,1
0.6216446058282756,0.20758222220167366,97,0,1
0.30631251204015464,0.8642473956917459,104,0,1
0.7972131907726783,0.7920901345517924,104,0,1
0.04634176262319467,0.40254193827185736,105,0,1
0.15810308522694871,0.024579670335033943,96,0,1
0.3415240875291008,0.6485867568311497,99,0,1
0.09391907257510779,0.29773812440619996,102,0,1
0.0,0.0,0,1,0
0.0,1.0,0,1,0
