x,y,SR_demand,exits,injured
0.4733558527728896,0.9572564551086921,109,0,1
0.08750003103201642,0.9169303483686738,95,0,1
0.6398363150503465,0.22368847107923828,111,0,1
0.915213594567533,0.9076160247111724,98,0,1
0.32133846080692374,0.6325538834455922,88,0,1
0.05042964638610692,0.7476787332174801,94,0,1
0.7441713055817853,0.8626796407768232,99,0,1
0.6820059517386812,0.18401539408854628,91,0,1
0.9692315187075138,0.9211097038892234,85,0,1
0.0,0.0,0,1,0
0.0,1.0,0,1,0
