x,y,SR_demand,exits,injured
0.4077193293832889,0.39865374493683103,109,0,1
0.8106291153162276,0.9805547463473383,99,0,1
0.3171708666092333,0.2567906445867981,100,0,1
0.8070501172078499,0.07421695175327747,102,0,1
0.05577270893252961,0.9213643380515772,100,0,1
0.06873494693684301,0.6582417392974392,95,0,1
0.9115222949498378,0.6460234222761857,101,0,1
0.5108782238252124,0.670322409574785,100,0,1
0.5807974219692914,0.40594917652595575,96,0,1
0.0,0.0,0,1,0
0.0,1.0,0,1,0
