x,y,SR_demand,exits,injured
0.8236262872772185,0.1264806046886091,111,0,1
0.7632006859767664,0.3468441768403012,96,0,1
0.7351059458856586,0.6919963554625528,105,0,1
0.44170204473031294,0.2570097798269164,91,0,1
0.44058038376177566,0.8896271270003052,107,0,1
0.8953511367815871,0.3168737296778501,107,0,1
0.470715907533088,0.7144246324098887,92,0,1
0.6780391592598103,0.07458802149486599,98,0,1
0.7405959811798666,0.4868884627520531,124,0,1
0.0,0.0,0,1,0
0.0,1.0,0,1,0
