x,y,SR_demand,exits,injured
0.24287891733594902,0.20281941086739985,95,0,1
0.7240371228563902,0.28716185897854574,95,0,1
0.08991136474137973,0.5427721886491752,96,0,1
0.33393809129574425,0.07195066687214835,90,0,1
0.09625508412411377,0.06332575433174048,102,0,1
0.3552251317004561,0.018601082955014836,119,0,1
0.16740273009947948,0.13740642883893084,96,0,1
0.023501031136244133,0.6818788772139314,106,0,1
0.36135818493508187,0.23709320207350681,99,0,1
0.0,0.0,0,1,0
0.0,1.0,0,1,0
