x,y,SR_demand,exits,injured
0.6234442376536431,0.7616197943984152,115,0,1
0.8351879950019018,0.6435411559282895,101,0,1
0.6096950093759012,0.0014266374610645283,101,0,1
0.5247719037951102,0.6533616176178929,111,0,1
0.24121112889235719,0.43212034028813917,97,0,1
0.1018993003443679,0.3000296337530608,119,0,1
0.76160624503278,0.3698724368759103,105,0,1
0.8631129513246397,0.7961711874765454,112,0,1
0.8677474444245347,0.350134994430355,100,0,1
0.0,0.0,0,1,0
0.0,1.0,0,1,0
