x,y,SR_demand,exits,injured
0.016900732961624865,0.7056399580240273,94,0,1
0.7691276561125705,0.0037065856403749597,95,0,1
0.5766472488377128,0.17733790868728516,89,0,1
0.8174087519408358,0.9594957645519411,86,0,1
0.0987385273499628,0.28282454343062813,120,0,1
0.4593132706249561,0.7248993609533871,90,0,1
0.33144006119977676,0.3923034558172288,95,0,1
0.30262160566388396,0.9640775140609793,105,0,1
0.5784133096689139,0.3469554007146982,92,0,1
0.0,0.0,0,1,0
0.0,1.0,0,1,0
