x,y,SR_demand,exits,injured
0.21372704072619053,0.6758583771852663,111,0,1
0.015965033815706686,0.4004464300811553,99,0,1
0.5014020413638435,0.5194188007054369,95,0,1
0.09913247798619851,0.4842122052358262,98,0,1
0.14813516883974964,0.22350270136808637,114,0,1
0.12911539880513623,0.8437319411738121,99,0,1
0.9850284318110352,0.7585285385928039,87,0,1
0.02044157157780413,0.08489756270900373,109,0,1
0.30928901828359656,0.49132475088520333,108,0,1
0.0,0.0,0,1,0
0.0,1.0,0,1,0
