x,y,SR_demand,exits,injured
0.4052663814504682,0.8183906187654415,99,0,1
0.728740655382517,0.5608441279709394,119,0,1
0.9530164920341276,0.19133647659261077,101,0,1
0.1113622103161761,0.8634845892350587,95,0,1
0.08944942949578183,0.7239647882479779,90,0,1
0.1838299335175888,0.19613336900063993,98,0,1
0.13326817252609335,0.31733442527399924,79,0,1
0.03791175169348293,0.27274219185853277,107,0,1
0.7306718048130615,0.5240800553318021,100,0,1
0.0,0.0,0,1,0
0.0,1.0,0,1,0
