x,y,SR_demand,exits,injured
0.6661774112581028,0.6099051564991412,101,0,1
0.8100365675526374,0.4521899674906865,98,0,1
0.6369018619015995,0.255226207850608,86,0,1
0.23157228184034073,0.3921627328020719,97,0,1
0.10207487920059188,0.9090980158539075,81,0,1
0.4580873675506898,0.9580982849394574,101,0,1
0.7095308238904562,0.08996156728183646,87,0,1
0.968932783596615,0.9792779931595152,86,0,1
0.7716447430102946,0.2509133827518095,85,0,1
0.0,0.0,0,1,0
0.0,1.0,0,1,0
