x,y,SR_demand,exits,injured
0.1986050033726504,0.9353153697422794,119,0,1
0.16256909725763957,0.45135502627185,91,0,1
0.8752421450653142,0.891826099212244,96,0,1
0.013391341530854084,0.7776734730218474,109,0,1
0.6265157137968287,0.9696385684600535,99,0,1
0.24769868202901124,0.44873044511907756,107,0,1
0.4249705397210146,0.9891735748793918,98,0,1
0.8729129047573877,0.08290576842557451,116,0,1
0.7349862775948726,0.23408523487131405,81,0,1
0.0,0.0,0,1,0
0.0,1.0,0,1,0
