x,y,SR_demand,exits,injured
0.7419829105148655,0.08950910435705794,81,0,1
0.3868991656201024,0.21583440936130793,103,0,1
0.6242118689947929,0.9610159067818265,91,0,1
0.1484552256292272,0.43381120216382774,86,0,1
0.9515835881747686,0.5892246600170015,99,0,1
0.2343717311965654,0.06907167668271241,87,0,1
0.6549870259881633,0.12120510401772933,113,0,1
0.7365852516703735,0.1581140071604067,84,0,1
0.24695845185495624,0.9885536029106569,97,0,1
0.0,0.0,0,1,0
0.0,1.0,0,1,0
