x,y,SR_demand,exits,injured
0.2376971687368975,0.042523671103788074,98,0,1
0.06704026996165757,0.3892754215980191,86,0,1
0.5055705898102691,0.6839754493239232,104,0,1
0.3616502623866279,0.2884887884852464,107,0,1
0.16757178506431736,0.04357756884282682,108,0,1
0.04478377205006634,0.906360792548466,105,0,1
0.012893513349117258,0.3625136389293383,93,0,1
0.7487979079001914,0.07282421260457672,111,0,1
0.8147717128336968,0.977880950442407,99,0,1
0.0,0.0,0,1,0
0.0,1.0,0,1,0
