x,y,SR_demand,exits,injured
0.4085350331113239,0.7486102402934404,107,0,1
0.41095448485311326,0.7137994924693549,105,0,1
0.5409963889246953,0.4708004962980742,94,0,1
0.2628818604124763,0.7125801003500158,93,0,1
0.5395964731189437,0.229830251659486,113,0,1
0.604566443928106,0.31279348375292404,113,0,1
0.9378502131001368,0.30968501433372875,88,0,1
0.4051933477915115,0.22107740361395167,91,0,1
0.4802385825126695,0.9429487668338173,85,0,1
0.0,0.0,0,1,0
0.0,1.0,0,1,0
