x,y,SR_demand,exits,injured
0.1755932058094396,0.33660722597539194,116,0,1
0.24683430351842983,0.5649260071522177,100,0,1
0.8887856707273136,0.44212075910297144,99,0,1
0.9900661204971408,0.6615094258266909,120,0,1
0.6605387700778592,0.7059839879449205,96,0,1
0.2982060526057304,0.057000421620644004,102,0,1
0.5917689964812785,0.28158026006102266,116,0,1
0.5185795250464218,0.6504961547904156,110,0,1
0.02054617209262477,0.5213991180501913,100,0,1
0.0,0.0,0,1,0
0.0,1.0,0,1,0
