x,y,SR_demand,exits,injured
0.6009262425986504,0.2213034681900663,110,0,1
0.2105763179681418,0.12682524966371722,90,0,1
0.22623708904993056,0.10565119637390441,91,0,1
0.5283000429818557,0.42261192031386363,96,0,1
0.6918152701665133,0.236902439326649,84,0,1
0.18336795160109187,0.9267591310074375,121,0,1
0.37724791947792125,0.5820633821693232,96,0,1
0.8283967073959757,0.9023926971052691,92,0,1
0.6700049647561225,0.6905244578995567,97,0,1
0.0,0.0,0,1,0
0.0,1.0,0,1,0
