x,y,SR_demand,exits,injured
0.4466016977237163,0.08537266287939094,123,0,1
0.8516034995522404,0.9561723502753621,98,0,1
0.502775537481119,0.3536604217016106,109,0,1
0.6237744990940571,0.06554184891507497,106,0,1
0.9689463726746723,0.4950307246316472,99,0,1
0.7532905875756907,0.32752267414775726,109,0,1
0.3722687800264566,0.45905987212652777,93,0,1
0.45088795037818485,0.5301628905860464,105,0,1
0.19043986476078434,0.15529876672864984,99,0,1
0.0,0.0,0,1,0
0.0,1.0,0,1,0
