x,y,SR_demand,exits,injured
0.9870628149784575,0.6595130056917292,93,0,1
0.6248967963757384,0.5855405108903706,89,0,1
0.7488696697345416,0.6577961517941803,97,0,1
0.4811264851754046,0.14439142837394292,97,0,1
0.40424489772170313,0.07692796910077737,98,0,1
0.25267463739731755,0.9220405184622137,104,0,1
0.30068805654550845,0.0919589900855099,80,0,1
0.392967526547491,0.9372560478918093,117,0,1
0.05262972182081793,0.9545117639656243,90,0,1
0.0,0.0,0,1,0
0.0,1.0,0,1,0
