x,y,SR_demand,exits,injured
0.6897163168848763,0.11047040387502316,96,0,1
0.4650793242133944,0.9624025338136072,107,0,1
0.1291019475361993,0.4034465368313287,96,0,1
0.6110445841940608,0.14936234217702837,106,0,1
0.8622765727558813,0.8209302454596665,102,0,1
0.6386980162431753,0.2503632436124883,105,0,1
0.8037700604878073,0.3037932274252877,107,0,1
0.5357832633010856,0.8952654959158441,103,0,1
0.03468889833583666,0.473431892038527,92,0,1
0.0,0.0,0,1,0
0.0,1.0,0,1,0
