x,y,SR_demand,exits,injured
0.44810830627923925,0.8609246441935929,111,0,1
0.6808772413454683,0.0671179097607808,112,0,1
0.9314069333090823,0.7752516571176672,99,0,1
0.7836753080076632,0.4694431240677416,103,0,1
0.2949482828561575,0.3902189514066913,111,0,1
0.8788441866692718,0.8356868846391555,106,0,1
0.2689506341923801,0.5921554469225769,94,0,1
0.7251276069733859,0.45182188935513357,85,0,1
0.08737452775284094,0.9361315777203341,93,0,1
0.0,0.0,0,1,0
0.0,1.0,0,1,0
