x,y,SR_demand,exits,injured
0.25242248345155993,0.7184822196621058,70,0,1
0.7053331846179058,0.6190897949601085,109,0,1
0.685956187585609,0.6028341267342794,100,0,1
0.7787912031562064,0.7241988013288242,101,0,1
0.1255094704356352,0.7855983266343106,98,0,1
0.36507727288170566,0.7356610346863968,107,0,1
0.08104477231015383,0.5186142331731326,94,0,1
0.9274494412267069,0.5300032558242864,96,0,1
0.1977184228555272,0.9061416501517247,100,0,1
0.0,0.0,0,1,0
0.0,1.0,0,1,0
