x,y,SR_demand,exits,injured
0.3650003214847213,0.31717370633679687,81,0,1
0.5132588434898606,0.2910698301513497,113,0,1
0.64885712841946,0.7862751968967299,96,0,1
0.19703552915430644,0.40290518838349454,110,0,1
0.10171956820717998,0.2618423888981761,108,0,1
0.8739986753601962,0.0813654559110053,100,0,1
0.21014921128808162,0.6593942006940526,99,0,1
0.9398277585027788,0.7269891368593162,92,0,1
0.9808996794264777,0.7120589657372526,112,0,1
0.0,0.0,0,1,0
0.0,1.0,0,1,0
