x,y,SR_demand,exits,injured
0.1723864939577029,0.6605463342309492,109,0,1
0.7033593984477688,0.9528250678481249,105,0,1
0.7087334581589787,0.6302110193644612,98,0,1
0.06545057372477425,0.381175417567971,80,0,1
0.6294059067518033,0.7284838536864374,94,0,1
0.7604595715038035,0.826068163964028,92,0,1
0.38442843016954653,0.9302697543668423,128,0,1
0.9091500428671255,0.11726829505681269,116,0,1
0.9866893433616257,0.8989730453679184,87,0,1
0.0,0.0,0,1,0
0.0,1.0,0,1,0
