x,y,SR_demand,exits,injured
0.6293484726514306,0.5525049470464714,82,0,1
0.12445275994021643,0.05701097074376926,102,0,1
0.5243295494013364,0.9665845580685128,95,0,1
0.7368183274279064,0.36417723393318335,78,0,1
0.09467064152188576,0.028217161175701833,97,0,1
0.6583212248903915,0.7688074477626039,87,0,1
0.6831132616370507,0.6592776188125836,106,0,1
0.9884127127632516,0.5438735218049816,106,0,1
0.3614460075736259,0.5475510595481635,100,0,1
0.0,0.0,0,1,0
0.0,1.0,0,1,0
