x,y,SR_demand,exits,injured
0.2191778084619862,0.1266939470612083,110,0,1
0.7337352373532536,0.8894149869645276,110,0,1
0.09915087949549806,0.9964375899177562,91,0,1
0.7057658855972954,0.5696538857916802,112,0,1
0.5760518588370588,0.9135482494199653,100,0,1
0.23754768430331097,0.0351228964663719,106,0,1
0.3614984180956422,0.6881314703492978,91,0,1
0.6080261624465595,0.7371579186542597,104,0,1
0.3449425726571592,0.8344189001158852,94,0,1
0.0,0.0,0,1,0
0.0,1.0,0,1,0
