x,y,SR_demand,exits,injured
0.4327943148702107,0.20478640904020262,102,0,1
0.5210184669469318,0.7194858639598971,80,0,1
0.9501891347453484,0.6447651065624986,110,0,1
0.8526271294231178,0.2031967017538855,73,0,1
0.09773687468133418,0.8042575598310646,112,0,1
0.9160589332178584,0.5449042426342995,106,0,1
0.060838272078831857,0.5307112737675618,96,0,1
0.9638377471241093,0.3446214628873463,90,0,1
0.9388029862127016,0.805068219510934,105,0,1
0.0,0.0,0,1,0
0.0,1.0,0,1,0
