x,y,SR_demand,exits,injured
0.1738448949457576,0.9131794492292604,91,0,1
0.41476558366551397,0.12206086571497576,101,0,1
0.7798170238495143,0.022314045154981588,100,0,1
0.606091242269194,0.6595896891011498,101,0,1
0.341989810079382,0.1315393243156262,97,0,1
0.7247701644763361,0.5508109425934624,101,0,1
0.2517299173734142,0.9942535575722458,85,0,1
0.9354837826698484,0.8386488605364647,97,0,1
0.7233892627973547,0.022960008409748656,106,0,1
0.0,0.0,0,1,0
0.0,1.0,0,1,0
