x,y,SR_demand,exits,injured
0.2541209997711654,0.27551180898150385,95,0,1
0.11029319479614641,0.39186646070103726,101,0,1
0.2940408223180865,0.919658774881556,95,0,1
0.2895172300079836,0.4393015479747392,114,0,1
0.849253952722163,0.11082419605977933,87,0,1
0.8858424238122588,0.21411143930687326,113,0,1
0.9686697082251837,0.020089895045893758,118,0,1
0.8691044438311363,0.06209066007640984,108,0,1
0.28160860368278195,0.046661977390064724,92,0,1
0.0,0.0,0,1,0
0.0,1.0,0,1,0
