x,y,SR_demand,exits,injured
0.3751342105331634,0.986008906735067,105,0,1
0.9743634979905873,0.07121028947211161,99,0,1
0.9616045339674368,0.5344224561892083,79,0,1
0.9090564552398265,0.8871788757334738,108,0,1
0.8202250781534457,0.9384832562613312,107,0,1
0.753838580563658,0.24698897647506746,101,0,1
0.5420854162155095,0.07836606736205742,100,0,1
0.38801127048652206,0.46034106507414696,89,0,1
0.5396143130054752,0.2697756179213304,88,0,1
0.0,0.0,0,1,0
0.0,1.0,0,1,0
