x,y,SR_demand,exits,injured
0.2134631519619805,0.2743521031751519,97,0,1
0.7180397408526796,0.572716135808283,101,0,1
0.45535554515512633,0.17340118600585652,119,0,1
0.3546954504283416,0.2642633203528655,115,0,1
0.6947709084236973,0.19640279425943064,96,0,1
0.9705632871421711,0.5103427841757411,81,0,1
0.6317842546734597,0.8520497865318384,95,0,1
0.23638351028779592,0.8710311508479781,111,0,1
0.38128274041067234,0.6147102451788208,97,0,1
0.0,0.0,0,1,0
0.0,1.0,0,1,0
