x,y,SR_demand,exits,injured
0.9738025099448309,0.8037936187380824,111,0,1
0.7975395136943326,0.49052035950660744,100,0,1
0.48412480679239667,0.8576728404397992,104,0,1
0.4799912684810449,0.5308527649172479,100,0,1
0.7006601174885454,0.8831224139823486,114,0,1
0.26701147764361743,0.5622034959509663,99,0,1
0.24847852598622122,0.051917620283766897,80,0,1
0.6501475227520456,0.039329957855692155,93,0,1
0.811852320949956,0.5493478548305917,108,0,1
0.0,0.0,0,1,0
0.0,1.0,0,1,0
