x,y,SR_demand,exits,injured
0.25923015148650264,0.7877314846530343,100,0,1
0.1932417189675939,0.7289349447658251,110,0,1
0.12190163564832324,0.8932138807184163,87,0,1
0.45026849803217384,0.2533347700644005,98,0,1
0.28882936420994976,0.08743198869305924,94,0,1
0.13249821484056223,0.1471046063978353,102,0,1
0.21580124716589455,0.9906534550577728,100,0,1
0.718264342976561,0.6514410729418145,92,0,1
0.5074094927651124,0.9936167546999978,78,0,1
0.0,0.0,0,1,0
0.0,1.0,0,1,0
