x,y,SR_demand,exits,injured
0.7560230336953006,0.25281603445658307,101,0,1
0.768412832410244,0.06885976697712348,104,0,1
0.9459304545158354,0.842584450066122,101,0,1
0.4524725254933436,0.15381128242084185,93,0,1
0.7869217108825731,0.8917512618615574,81,0,1
0.04007998023517634,0.2526741521274338,95,0,1
0.568525341773146,0.9186566829932978,107,0,1
0.8556528876002991,0.5087858465230842,110,0,1
0.2819881231539647,0.21573118963353977,97,0,1
0.0,0.0,0,1,0
0.0,1.0,0,1,0
