x,y,SR_demand,exits,injured
0.16027003276007235,0.9949651296979022,114,0,1
0.7580979401481767,0.6135829312941268,108,0,1
0.27109398811047203,0.33086301430842124,91,0,1
0.6235395527933077,0.946712164873374,96,0,1
0.03665973051239424,0.5217990305702097,95,0,1
0.28816287069223123,0.7335076449267122,100,0,1
0.2577791055509888,0.4073480365558826,104,0,1
0.43437050135639155,0.2872792550669735,105,0,1
0.8494501299766886,0.36447654941314145,89,0,1
0.0,0.0,0,1,0
0.0,1.0,0,1,0
