x,y,SR_demand,exits,injured
0.2805105276709946,0.14766796894233702,100,0,1
0.907959796477092,0.8731412331463927,121,0,1
0.7442210357416889,0.4274445859259097,108,0,1
0.606358158466915,0.42293528309840045,99,0,1
0.01563265303927608,0.10892719638079074,101,0,1
0.8045430143015175,0.2933285429450575,101,0,1
0.9684621941785599,0.365614186385839,109,0,1
0.645312262890087,0.5835937430197922,98,0,1
0.6861791142545536,0.5476087647902631,107,0,1
0.0,0.0,0,1,0
0.0,1.0,0,1,0
