x,y,SR_demand,exits,injured
0.7230552345629675,0.7981612559340506,92,0,1
0.004921730557737147,0.84414445281495,100,0,1
0.2638152043190459,0.11383142038683036,76,0,1
0.5669910104735657,0.7147464436759265,106,0,1
0.3246816520564959,0.06185274961335807,116,0,1
0.051842137364711105,0.30941888823922625,108,0,1
0.32871317884204143,0.305856118615067,94,0,1
0.2615588476484336,0.03746901264118985,110,0,1
0.9684203709616708,0.3124501820941963,92,0,1
0.0,0.0,0,1,0
0.0,1.0,0,1,0
