x,y,SR_demand,exits,injured
0.5517253705728358,0.2144984368092201,101,0,1
0.05132499961561843,0.49893304212898115,91,0,1
0.06635823409703312,0.5234061821604432,93,0,1
0.3670644720964922,0.17268597815886977,114,0,1
0.42017515643232795,0.6604179673371168,95,0,1
0.970001609779806,0.9479129169310025,100,0,1
0.3847516486050392,0.7151551203514718,103,0,1
0.15259470847608114,0.23612213505706825,102,0,1
0.3006378906516126,0.8779393038097829,92,0,1
0.0,0.0,0,1,0
0.0,1.0,0,1,0
