x,y,SR_demand,exits,injured
0.925035638526258,0.7446364652161208,104,0,1
0.022523481858553795,0.25882442460291866,104,0,1
0.8735052237713166,0.7864156458193047,84,0,1
0.2909869392854869,0.8670239917002849,114,0,1
0.05369952559779656,0.8344000663839694,101,0,1
0.2962706245467598,0.9174711736760456,93,0,1
0.13560387215839853,0.050000409419033165,104,0,1
0.6287732267170346,0.25879612920019035,95,0,1
0.5596159253063026,0.06245298753637185,96,0,1
0.0,0.0,0,1,0
0.0,1.0,0,1,0
