x,y,SR_demand,exits,injured
0.2479194241257937,0.5056844584560917,114,0,1
0.18622828872950903,0.8752792299034184,103,0,1
0.9238870138427534,0.15574216862482937,87,0,1
0.49776404626576454,0.848797243746096,77,0,1
0.8101492861850433,0.8578834659200137,106,0,1
0.8415380200772908,0.13408659652305877,91,0,1
0.9203941144226754,0.8578725200228394,103,0,1
0.6888416022375559,0.7185411054342582,115,0,1
0.6236864433756287,0.3550058003363582,94,0,1
0.0,0.0,0,1,0
0.0,1.0,0,1,0
