x,y,SR_demand,exits,injured
0.2165176496595641,0.9236713312830359,97,0,1
0.166237512492022,0.5862490689643127,114,0,1
0.02505785209017053,0.673041877016909,97,0,1
0.6840663034511386,0.9981997301053616,100,0,1
0.36244126596780524,0.12526293164055846,95,0,1
0.5132809667481901,0.8747211989911289,113,0,1
0.7414858504265901,0.5280744350706933,100,0,1
0.21307959699055312,0.6262593976238473,100,0,1
0.08827560277519186,0.7635792677176139,88,0,1
0.0,0.0,0,1,0
0.0,1.0,0,1,0
