x,y,SR_demand,exits,injured
0.5335431182656254,0.4913037749940041,97,0,1
0.9954473532497637,0.9049090304157955,97,0,1
0.08613450454013383,0.18744057234599965,97,0,1
0.4500528155809953,0.818478549996367,98,0,1
0.1308997250280971,0.6041400711043234,98,0,1
0.5742618156321037,0.46568991890869527,90,0,1
0.15116481053505348,0.9662683795856906,81,0,1
0.7895120449563433,0.4099913134323584,90,0,1
0.16407997330563806,0.6187777647089869,95,0,1
0.0,0.0,0,1,0
0.0,1.0,0,1,0
