x,y,SR_demand,exits,injured
0.033497199127027866,0.34151306792479963,95,0,1
0.5141804203873708,0.005671053612468557,103,0,1
0.6153685331607222,0.7879067147178357,100,0,1
0.741614172186496,0.9489701139645952,95,0,1
0.5244916867069711,0.51838077974394,112,0,1
0.8071693962305002,0.6404121523525781,92,0,1
0.39799032704987736,0.6396098232746441,110,0,1
0.07825133030726017,0.08785387220495056,109,0,1
0.17432562131900964,0.1495580334953076,114,0,1
0.0,0.0,0,1,0
0.0,1.0,0,1,0
