x,y,SR_demand,exits,injured
0.9811431542513858,0.6896635213331594,101,0,1
0.5094184690143975,0.45121776857369333,97,0,1
0.9547130210631634,0.6551864536966415,116,0,1
0.1558839394324727,0.8700017049117252,111,0,1
0.5223421344955875,0.8245221167784872,89,0,1
0.30974571517925087,0.43372357026092645,83,0,1
0.8506539071465554,0.8328200625203328,84,0,1
0.6044976291533922,0.5132162503563605,98,0,1
0.3123140208273384,0.9414047581323393,93,0,1
0.0,0.0,0,1,0
0.0,1.0,0,1,0
