x,y,SR_demand,exits,injured
0.36208648822970946,0.15992001797188093,105,0,1
0.7411384795732417,0.005023471517582867,104,0,1
0.8594670390660861,0.5236150427447569,92,0,1
0.0011892874299144207,0.8631051724188761,103,0,1
0.17240493474491136,0.20347766350513874,108,0,1
0.7389177378092193,0.22255132867647853,92,0,1
0.3877812646239722,0.26477569087199193,105,0,1
0.5222669348075648,0.4369729837737546,114,0,1
0.15190310534105733,0.6588287640529101,92,0,1
0.0,0.0,0,1,0
0.0,1.0,0,1,0
