x,y,SR_demand,exits,injured
0.21165142107337354,0.9952554733912817,85,0,1
0.018291216335049487,0.23752106456734112,89,0,1
0.7636638285122729,0.20707668420978032,99,0,1
0.5458521293593325,0.8590535651852413,88,0,1
0.5226907953595534,0.7701215626880731,101,0,1
0.38895387814145976,0.5306014755110638,102,0,1
0.6934097043612216,0.23311308722624835,93,0,1
0.281001118469558,0.6519167841009208,106,0,1
0.8517185722455263,0.5057583122986719,96,0,1
0.0,0.0,0,1,0
0.0,1.0,0,1,0
